4+,10000-20219
4juniors,10000-20070
Adventurers,10000-20031
Agents,10000-20127
Alpha Team,10000-20085
Angry Birds,10000-20251
Aqua Raiders,10000-20113
Aquazone,10000-20032
Arctic,10000-20097
Atlantis,10000-20115
Avatar TM,10000-20068
Batman Movie,10000-20255
Batman TM,10000-20114
Belville,10000-20051
Ben 10 Alien Force TM,10000-20125
Bionicle,10000-20057
BOOST,10000-20268
Brand Campaign Products,10000-20291
Brick Based Promotions Non Themed,10000-20248
BrickHeadz,10000-20265
Brickmaster,10000-20054
Cars TM,10000-20121
Castle,10000-20017
Chima,10000-20147
Chinese Festivals,10000-20305
City,500-701
City Airport,10000-20048
City Arctic,10000-20227
City Arctic Expedition,10000-20269
City Cargo,10000-20112
City Coast Guard,10000-20075
City Construction,10000-20022
City Demolition,10000-20243
City Emergency,10000-20021
City Farm,10000-20107
City Fire,10000-20020
City Great Vehicles,10000-20226
City Harbour,10000-20082
City Jungle Explorers,10000-20261
City Mining,10000-20074
City Nitro Wheels,10000-20321
City Oceans,10000-20246
City Police,10000-20018
City Ships,10000-20012
City Space Port,10000-20062
City Special Products,10000-20028
City Town,10000-20016
City Traffic,10000-20110
City Trains,10000-20008
City Transport,10000-20014
City Volcano Explorers,10000-20249
CLIKITS,10000-20086
Constraction Star Wars,10000-20174
Construction,500-702
Creator Expert,10000-20216
Customer Driven Products,10000-20282
DC Super Hero Girls,10000-20256
Dimensions,10000-20229
Dino,10000-20091
Discovery,10000-20106
Disney Princess,10000-20218
Disney Specials,10000-20307
Divers,10000-20045
DUPLO Bob The Builder TM,10000-20058
DUPLO Cars TM,10000-20090
DUPLO Classic,10000-20233
DUPLO Disney TM,10000-20194
DUPLO Doc McStuffins,10000-20245
DUPLO Dora The Explorer TM,10000-20104
DUPLO Jake,10000-20155
DUPLO Jurassic World,10000-20270
DUPLO LEGO Movie 2,10000-20301
DUPLO Little Robots,10000-20105
DUPLO Miles,10000-20250
DUPLO My First,10000-20019
DUPLO Planes TM,10000-20123
DUPLO Play Themes,10000-20044
DUPLO Princess TM,10000-20094
DUPLO Sofia the First,10000-20230
DUPLO Super Heroes,10000-20223
DUPLO Thomas & Friends TM,10000-20059
DUPLO Town,10000-20005
DUPLO Toy Story TM,10000-20089
DUPLO Winnie the Pooh TM,10000-20053
Elves,10000-20239
Emergency,500-704
Error Entry,10000-20001
Exo-Force,10000-20111
Farm,500-710
Ferrari TM,10000-20117
Fire,500-703
Ghostbusters,10000-20254
Gift with Purchase,10000-20228
Harry Potter TM,10000-20084
Hero Factory,10000-20047
Hidden Side,10000-20292
Indiana Jones TM,10000-20103
Jurassic World,10000-20244
Knights' Kingdom,10000-20129
LEGO Architecture,10000-20139
LEGO Classic,10000-20238
LEGO Creator,10000-20003
LEGO Factory,10000-20088
LEGO Friends,10000-20055
LEGO Games,10000-20069
LEGO General,10000-20000
LEGO Ideas,10000-20140
LEGO Inside Tour,10000-20154
LEGO Island,10000-20099
LEGO Minifigures,10000-20128
LEGO Movie,10000-20221
LEGO Overwatch,10000-20296
LEGO Universe,10000-20144
LEL Priority Requests,10000-20342
LOC Constraction,10000-20156
LofTR and Hobbit,10000-20135
Lone Ranger TM,10000-20160
Merchandise,10000-20041
MINDSTORMS,10000-20065
Minecraft,10000-20231
Mixels,10000-20225
Monster Fighters,10000-20134
Monthly Mini Build,10000-20212
Nexo Knights,10000-20247
Ninja Turtles TM,10000-20159
Ninjago,10000-20049
One Reality,10000-20141
Paradisa,10000-20043
Partner Driven Exclusives,10000-20281
Pick a Brick Retail,10000-20189
Pirates,10000-20039
Pirates of the Caribbean TM,10000-20073
Police,500-707
Power Miners,10000-20120
Power Racers,10000-20081
Powerpuff Girls,10000-20283
Prince of Persia TM,10000-20108
Racers,10000-20040
Racers Impulse/Slammers,10000-20161
Racers RC,10000-20080
Racers Super Car,10000-20118
Racers Tiny Turbos,10000-20092
RC,600-170
Recruitment Bags,10000-20009
Res-Q,10000-20095
RoboRiders,10000-20116
Rock Raiders,10000-20087
Scala,10000-20011
Scooby-Doo,10000-20242
Simpsons,10000-20222
Slizer,10000-20029
Space,10000-20010
Special Products,500-346
Speed Champions,10000-20241
Speed Racers TM,10000-20162
Spider-Man TM,10000-20037
SpongeBob TM,10000-20067
Sports,10000-20035
Star Wars TM,10000-20056
Stranger Things,10000-20306
Studios,10000-20036
Super Heroes,10000-20101
Super Heroes Constraction,10000-20078
Technic,10000-20002
Time Cruisers,10000-20096
Town,500-714
Toy Story TM,10000-20109
Trains,500-717
Transport,500-720
Trolls,10000-20317
Unikitty,10000-20259
Vikings,10000-20102
Wild West,10000-20015
Williams TM,10000-20124
World City,10000-20071
World Racers,10000-20130
X-Treme,10000-20098
ZNAP,10000-20064